time,open,high,low,close,volume
2026-06-30T16:20:00Z,746.39,746.43,746.33,746.33,50803
2026-06-30T16:21:00Z,746.33,746.37,746.26,746.28,30330
2026-06-30T16:22:00Z,746.28,746.5,746.28,746.5,34515
2026-06-30T16:23:00Z,746.5,746.53,746.35,746.37,45959
2026-06-30T16:24:00Z,746.37,746.47,746.34,746.42,52782
2026-06-30T16:25:00Z,746.42,746.42,746.28,746.33,25937
2026-06-30T16:26:00Z,746.33,746.43,746.33,746.4,81107
2026-06-30T16:27:00Z,746.39,746.44,746.31,746.36,44093
2026-06-30T16:28:00Z,746.36,746.37,746.29,746.31,36142
2026-06-30T16:29:00Z,746.31,746.38,746.26,746.29,26887
2026-06-30T16:30:00Z,746.29,746.34,746.16,746.32,68924
2026-06-30T16:31:00Z,746.32,746.42,746.25,746.26,55700
2026-06-30T16:32:00Z,746.28,746.29,746.14,746.18,57944
2026-06-30T16:33:00Z,746.16,746.29,746.14,746.25,33638
2026-06-30T16:34:00Z,746.24,746.26,746.12,746.22,52629
2026-06-30T16:35:00Z,746.22,746.28,746.12,746.15,32448
2026-06-30T16:36:00Z,746.15,746.29,746.14,746.28,39210
2026-06-30T16:37:00Z,746.27,746.28,746.18,746.24,35120
2026-06-30T16:38:00Z,746.23,746.32,746.21,746.3,25175
2026-06-30T16:39:00Z,746.29,746.42,746.26,746.42,29213
2026-06-30T16:40:00Z,746.4,746.48,746.33,746.33,65994
2026-06-30T16:41:00Z,746.33,746.47,746.33,746.42,57901
2026-06-30T16:42:00Z,746.42,746.61,746.42,746.57,64895
2026-06-30T16:43:00Z,746.57,746.59,746.46,746.47,40735
2026-06-30T16:44:00Z,746.47,746.56,746.44,746.53,43072
2026-06-30T16:45:00Z,746.54,746.59,746.48,746.54,47610
2026-06-30T16:46:00Z,746.55,746.62,746.51,746.57,56749
2026-06-30T16:47:00Z,746.58,746.61,746.53,746.55,39591
2026-06-30T16:48:00Z,746.54,746.78,746.51,746.73,54187
2026-06-30T16:49:00Z,746.74,746.79,746.71,746.79,55430
2026-06-30T16:50:00Z,746.79,746.91,746.63,746.87,52930
2026-06-30T16:51:00Z,746.86,746.86,746.71,746.81,85292
2026-06-30T16:52:00Z,746.8,746.9,746.77,746.86,38257
2026-06-30T16:53:00Z,746.85,746.97,746.79,746.97,62453
2026-06-30T16:54:00Z,746.96,747.04,746.92,746.94,73043
2026-06-30T16:55:00Z,746.95,747,746.85,746.88,49671
2026-06-30T16:56:00Z,746.88,746.92,746.82,746.89,38386
2026-06-30T16:57:00Z,746.89,746.89,746.81,746.81,29820
2026-06-30T16:58:00Z,746.8,746.84,746.66,746.7,42260
2026-06-30T16:59:00Z,746.7,746.78,746.65,746.77,43814
2026-06-30T17:00:00Z,746.78,746.92,746.77,746.87,38019
2026-06-30T17:01:00Z,746.87,746.89,746.77,746.83,42324
2026-06-30T17:02:00Z,746.82,746.92,746.82,746.89,34367
2026-06-30T17:03:00Z,746.9,747.08,746.88,747.07,42497
2026-06-30T17:04:00Z,747.08,747.14,746.98,746.98,39775
2026-06-30T17:05:00Z,746.98,746.99,746.84,746.96,37574
2026-06-30T17:06:00Z,746.95,746.99,746.9,746.93,23317
2026-06-30T17:07:00Z,746.95,747.08,746.93,747.03,45477
2026-06-30T17:08:00Z,747.04,747.05,746.93,747.03,34846
2026-06-30T17:09:00Z,747.03,747.03,746.87,746.87,29624
2026-06-30T17:10:00Z,746.89,746.92,746.77,746.87,27749
2026-06-30T17:11:00Z,746.88,746.92,746.83,746.88,20689
2026-06-30T17:12:00Z,746.87,746.88,746.78,746.85,24729
2026-06-30T17:13:00Z,746.84,746.86,746.67,746.68,36022
2026-06-30T17:14:00Z,746.68,746.71,746.57,746.6,47021
2026-06-30T17:15:00Z,746.6,746.64,746.54,746.55,41929
2026-06-30T17:16:00Z,746.55,746.73,746.52,746.72,36313
2026-06-30T17:17:00Z,746.73,746.75,746.59,746.6,37164
2026-06-30T17:18:00Z,746.6,746.68,746.53,746.59,150616
2026-06-30T17:19:00Z,746.59,746.66,746.57,746.64,24490
2026-06-30T17:20:00Z,746.65,746.83,746.65,746.81,31781
2026-06-30T17:21:00Z,746.81,746.89,746.7,746.7,35457
2026-06-30T17:22:00Z,746.69,746.77,746.61,746.66,39172
2026-06-30T17:23:00Z,746.65,746.67,746.6,746.67,40822
2026-06-30T17:24:00Z,746.69,746.7,746.61,746.7,34800
2026-06-30T17:25:00Z,746.7,746.75,746.66,746.66,32326
2026-06-30T17:26:00Z,746.68,746.7,746.55,746.56,28275
2026-06-30T17:27:00Z,746.56,746.58,746.46,746.47,49803
2026-06-30T17:28:00Z,746.47,746.58,746.37,746.52,56673
2026-06-30T17:29:00Z,746.5,746.56,746.46,746.49,32647
2026-06-30T17:30:00Z,746.51,746.54,746.38,746.46,36666
2026-06-30T17:31:00Z,746.47,746.52,746.34,746.38,33064
2026-06-30T17:32:00Z,746.37,746.44,746.32,746.36,43646
2026-06-30T17:33:00Z,746.37,746.66,746.36,746.66,45730
2026-06-30T17:34:00Z,746.67,746.67,746.57,746.57,23191
2026-06-30T17:35:00Z,746.57,746.62,746.55,746.57,30666
2026-06-30T17:36:00Z,746.57,746.57,746.37,746.4,37248
2026-06-30T17:37:00Z,746.38,746.39,746.33,746.33,59464
2026-06-30T17:38:00Z,746.33,746.38,746.18,746.28,65796
2026-06-30T17:39:00Z,746.29,746.35,746.15,746.2,41796
2026-06-30T17:40:00Z,746.2,746.38,746.18,746.26,43757
2026-06-30T17:41:00Z,746.25,746.36,746.23,746.36,24216
2026-06-30T17:42:00Z,746.35,746.62,746.35,746.57,117529
2026-06-30T17:43:00Z,746.54,746.56,746.43,746.5,64609
2026-06-30T17:44:00Z,746.51,746.63,746.45,746.61,34302
2026-06-30T17:45:00Z,746.61,746.66,746.44,746.44,36548
2026-06-30T17:46:00Z,746.47,746.54,746.42,746.5,35520
2026-06-30T17:47:00Z,746.49,746.49,746.32,746.33,44873
2026-06-30T17:48:00Z,746.32,746.44,746.32,746.44,32361
2026-06-30T17:49:00Z,746.45,746.45,746.33,746.37,34561
2026-06-30T17:50:00Z,746.38,746.4,746.3,746.35,34427
2026-06-30T17:51:00Z,746.34,746.56,746.32,746.47,46405
2026-06-30T17:52:00Z,746.45,746.5,746.36,746.47,28631
2026-06-30T17:53:00Z,746.46,746.6,746.43,746.54,26043
2026-06-30T17:54:00Z,746.53,746.54,746.41,746.47,28354
2026-06-30T17:55:00Z,746.46,746.5,746.4,746.45,27577
2026-06-30T17:56:00Z,746.45,746.52,746.43,746.48,25668
2026-06-30T17:57:00Z,746.47,746.54,746.44,746.51,45498
2026-06-30T17:58:00Z,746.5,746.53,746.42,746.46,32850
2026-06-30T17:59:00Z,746.46,746.51,746.45,746.49,17285
2026-06-30T18:00:00Z,746.49,746.57,746.4,746.46,43846
2026-06-30T18:01:00Z,746.46,746.55,746.38,746.53,32150
2026-06-30T18:02:00Z,746.53,746.77,746.53,746.75,38918
2026-06-30T18:03:00Z,746.74,746.81,746.7,746.72,58863
2026-06-30T18:04:00Z,746.72,746.86,746.59,746.66,65571
2026-06-30T18:05:00Z,746.67,746.73,746.52,746.54,39955
2026-06-30T18:06:00Z,746.55,746.6,746.32,746.38,56611
2026-06-30T18:07:00Z,746.39,746.74,746.38,746.71,46612
2026-06-30T18:08:00Z,746.71,746.77,746.62,746.75,39765
2026-06-30T18:09:00Z,746.74,746.77,746.62,746.66,61003
2026-06-30T18:10:00Z,746.66,746.78,746.64,746.74,62409
2026-06-30T18:11:00Z,746.75,746.75,746.65,746.72,36083
2026-06-30T18:12:00Z,746.72,746.73,746.6,746.64,27959
2026-06-30T18:13:00Z,746.64,746.8,746.58,746.79,36538
2026-06-30T18:14:00Z,746.78,746.83,746.73,746.77,26583
2026-06-30T18:15:00Z,746.77,746.85,746.74,746.76,43837
2026-06-30T18:16:00Z,746.77,746.86,746.76,746.79,20533
2026-06-30T18:17:00Z,746.78,746.8,746.68,746.77,51875
2026-06-30T18:18:00Z,746.76,746.85,746.7,746.85,30556
2026-06-30T18:19:00Z,746.86,746.97,746.81,746.95,55077
2026-06-30T18:20:00Z,746.94,747.04,746.93,746.94,64912
2026-06-30T18:21:00Z,746.94,747.08,746.9,747.08,49923
2026-06-30T18:22:00Z,747.08,747.08,746.95,746.95,57230
2026-06-30T18:23:00Z,746.95,747.02,746.94,746.99,37754
2026-06-30T18:24:00Z,746.99,746.99,746.85,746.87,123910
2026-06-30T18:25:00Z,746.86,746.92,746.83,746.88,32408
2026-06-30T18:26:00Z,746.89,746.91,746.76,746.81,48428
2026-06-30T18:27:00Z,746.8,746.8,746.7,746.73,36154
2026-06-30T18:28:00Z,746.72,746.84,746.71,746.77,35409
2026-06-30T18:29:00Z,746.78,746.81,746.73,746.8,28152
2026-06-30T18:30:00Z,746.77,746.82,746.6,746.66,73365
2026-06-30T18:31:00Z,746.65,746.71,746.61,746.65,43287
2026-06-30T18:32:00Z,746.65,746.8,746.65,746.65,65382
2026-06-30T18:33:00Z,746.64,746.67,746.56,746.66,33598
2026-06-30T18:34:00Z,746.66,746.74,746.61,746.69,48863
2026-06-30T18:35:00Z,746.7,746.81,746.68,746.78,47327
2026-06-30T18:36:00Z,746.79,746.85,746.73,746.74,43905
2026-06-30T18:37:00Z,746.74,746.8,746.66,746.8,29532
2026-06-30T18:38:00Z,746.79,746.79,746.71,746.74,30435
2026-06-30T18:39:00Z,746.73,746.76,746.69,746.73,56947
2026-06-30T18:40:00Z,746.73,746.92,746.72,746.91,43072
2026-06-30T18:41:00Z,746.89,746.95,746.88,746.95,82405
2026-06-30T18:42:00Z,746.95,746.95,746.83,746.94,35764
2026-06-30T18:43:00Z,746.95,747.05,746.92,747.05,59019
2026-06-30T18:44:00Z,747.04,747.06,746.95,746.98,52892
2026-06-30T18:45:00Z,746.97,747.02,746.88,746.92,43762
2026-06-30T18:46:00Z,746.93,746.94,746.86,746.87,39974
2026-06-30T18:47:00Z,746.87,747.02,746.86,746.99,30077
2026-06-30T18:48:00Z,747,747.26,747,747.25,67226
2026-06-30T18:49:00Z,747.25,747.35,747.17,747.33,61954
2026-06-30T18:50:00Z,747.32,747.43,747.27,747.43,97931
2026-06-30T18:51:00Z,747.43,747.44,747.24,747.29,56187
2026-06-30T18:52:00Z,747.29,747.32,747.22,747.25,62148
2026-06-30T18:53:00Z,747.25,747.32,747.24,747.32,43284
2026-06-30T18:54:00Z,747.31,747.31,747,747.13,56226
2026-06-30T18:55:00Z,747.13,747.23,747.09,747.19,52847
2026-06-30T18:56:00Z,747.19,747.33,747.17,747.29,56725
2026-06-30T18:57:00Z,747.28,747.33,747.2,747.23,52296
2026-06-30T18:58:00Z,747.25,747.28,747.16,747.22,63713
2026-06-30T18:59:00Z,747.22,747.24,747.09,747.13,91051
2026-06-30T19:00:00Z,747.13,747.22,747.11,747.17,88363
2026-06-30T19:01:00Z,747.16,747.37,747.16,747.33,39907
2026-06-30T19:02:00Z,747.32,747.4,747.29,747.32,59422
2026-06-30T19:03:00Z,747.32,747.35,747.22,747.25,51179
2026-06-30T19:04:00Z,747.25,747.29,747.2,747.25,51761
2026-06-30T19:05:00Z,747.23,747.27,747.19,747.19,68347
2026-06-30T19:06:00Z,747.2,747.25,747.13,747.18,43917
2026-06-30T19:07:00Z,747.19,747.25,747.14,747.25,63664
2026-06-30T19:08:00Z,747.25,747.56,747.23,747.53,90496
2026-06-30T19:09:00Z,747.55,747.6,747.47,747.5,66642
2026-06-30T19:10:00Z,747.5,747.51,747.32,747.47,95900
2026-06-30T19:11:00Z,747.47,747.72,747.44,747.6,98912
2026-06-30T19:12:00Z,747.59,747.68,747.57,747.59,64118
2026-06-30T19:13:00Z,747.61,747.75,747.61,747.73,79320
2026-06-30T19:14:00Z,747.7,747.78,747.65,747.72,75132
2026-06-30T19:15:00Z,747.72,747.75,747.61,747.68,62780
2026-06-30T19:16:00Z,747.67,747.76,747.65,747.75,90548
2026-06-30T19:17:00Z,747.74,747.93,747.74,747.87,156064
2026-06-30T19:18:00Z,747.86,748.02,747.79,747.81,134281
2026-06-30T19:19:00Z,747.8,747.86,747.6,747.62,139426
2026-06-30T19:20:00Z,747.64,747.73,747.63,747.73,200603
2026-06-30T19:21:00Z,747.7,747.8,747.53,747.54,149911
2026-06-30T19:22:00Z,747.53,747.74,747.47,747.7,81977
2026-06-30T19:23:00Z,747.72,747.79,747.71,747.75,67240
2026-06-30T19:24:00Z,747.75,747.77,747.59,747.63,60371
2026-06-30T19:25:00Z,747.62,747.7,747.56,747.64,83569
2026-06-30T19:26:00Z,747.64,747.66,747.5,747.58,150566
2026-06-30T19:27:00Z,747.58,747.66,747.51,747.62,71447
2026-06-30T19:28:00Z,747.62,747.63,747.4,747.43,201990
2026-06-30T19:29:00Z,747.42,747.47,747.3,747.42,113854
2026-06-30T19:30:00Z,747.43,747.49,747.29,747.29,114892
2026-06-30T19:31:00Z,747.32,747.39,747.21,747.3,141368
2026-06-30T19:32:00Z,747.3,747.46,747.29,747.34,165144
2026-06-30T19:33:00Z,747.34,747.39,747.32,747.33,98381
2026-06-30T19:34:00Z,747.33,747.36,747.13,747.14,88113
2026-06-30T19:35:00Z,747.15,747.2,747.02,747.02,89715
2026-06-30T19:36:00Z,747.01,747.01,746.8,746.92,140976
2026-06-30T19:37:00Z,746.9,746.93,746.76,746.79,91971
2026-06-30T19:38:00Z,746.79,746.97,746.75,746.81,107758
2026-06-30T19:39:00Z,746.83,746.98,746.73,746.93,79561
2026-06-30T19:40:00Z,746.92,747.07,746.83,746.85,190910
2026-06-30T19:41:00Z,746.85,746.96,746.83,746.9,95001
2026-06-30T19:42:00Z,746.89,747.03,746.87,746.93,117451
2026-06-30T19:43:00Z,746.95,746.98,746.81,746.89,148246
2026-06-30T19:44:00Z,746.89,747.14,746.87,747.13,90584
2026-06-30T19:45:00Z,747.14,747.35,746.83,746.84,215921
2026-06-30T19:46:00Z,746.84,747.03,746.81,747,148522
2026-06-30T19:47:00Z,747,747,746.84,746.91,127899
2026-06-30T19:48:00Z,746.91,746.99,746.86,746.96,125541
2026-06-30T19:49:00Z,746.96,747.05,746.88,746.91,172857
2026-06-30T19:50:00Z,746.9,746.94,746.67,746.72,270572
2026-06-30T19:51:00Z,746.71,746.98,746.69,746.93,309048
2026-06-30T19:52:00Z,746.93,747.08,746.85,746.93,224004
2026-06-30T19:53:00Z,746.91,747.36,746.84,747.31,185475
2026-06-30T19:54:00Z,747.3,747.49,747.27,747.44,354870
2026-06-30T19:55:00Z,747.45,747.81,747.36,747.46,588047
2026-06-30T19:56:00Z,747.46,747.64,747.43,747.62,525736
2026-06-30T19:57:00Z,747.62,747.85,747.61,747.76,813161
2026-06-30T19:58:00Z,747.76,747.86,747.16,747.21,1142607
2026-06-30T19:59:00Z,747.21,747.43,746.3,746.36,2642330
2026-07-01T13:30:00Z,744.96,745.16,743.79,744.5,605983
2026-07-01T13:31:00Z,744.48,744.49,743.48,743.95,218549
2026-07-01T13:32:00Z,743.99,744.54,743.51,743.75,260427
2026-07-01T13:33:00Z,743.75,743.84,743.02,743.02,208073
2026-07-01T13:34:00Z,743.03,743.22,742.5,742.63,163940
2026-07-01T13:35:00Z,742.63,743.04,742.37,742.61,159121
2026-07-01T13:36:00Z,742.61,742.97,742.48,742.7,128843
2026-07-01T13:37:00Z,742.75,743.41,742.68,742.91,179739
2026-07-01T13:38:00Z,742.96,743.14,742.59,743.11,181829
2026-07-01T13:39:00Z,743.11,743.41,742.95,743.07,150959
2026-07-01T13:40:00Z,743.12,743.57,742.78,743.35,198933
2026-07-01T13:41:00Z,743.38,743.75,743.13,743.37,139176
2026-07-01T13:42:00Z,743.38,743.67,743.08,743.58,171295
2026-07-01T13:43:00Z,743.57,743.72,743.31,743.47,151014
2026-07-01T13:44:00Z,743.47,743.53,743.1,743.22,127311
2026-07-01T13:45:00Z,743.2,743.7,742.86,743.69,171504
2026-07-01T13:46:00Z,743.69,744.02,743.61,743.72,141030
2026-07-01T13:47:00Z,743.68,743.89,743.5,743.72,114888
2026-07-01T13:48:00Z,743.72,744.12,743.69,743.77,135335
2026-07-01T13:49:00Z,743.76,743.89,743.53,743.69,134812
2026-07-01T13:50:00Z,743.69,744.27,743.61,744.2,88413
2026-07-01T13:51:00Z,744.2,744.52,744.11,744.39,102013
2026-07-01T13:52:00Z,744.38,744.69,744.25,744.63,146806
2026-07-01T13:53:00Z,744.64,744.92,744.61,744.76,287361
2026-07-01T13:54:00Z,744.76,744.91,744.61,744.75,153007
2026-07-01T13:55:00Z,744.74,744.96,744.59,744.76,334979
2026-07-01T13:56:00Z,744.75,744.83,744.49,744.66,159022
2026-07-01T13:57:00Z,744.68,744.78,744.48,744.75,79688
2026-07-01T13:58:00Z,744.76,745.16,744.71,745.03,110484
2026-07-01T13:59:00Z,745.02,745.34,744.88,745.34,87120
2026-07-01T14:00:00Z,745.34,745.63,745.23,745.47,105469
2026-07-01T14:01:00Z,745.47,745.53,745,745.25,86603
2026-07-01T14:02:00Z,745.25,745.45,745.05,745.18,82712
2026-07-01T14:03:00Z,745.17,745.49,745.09,745.47,61733
2026-07-01T14:04:00Z,745.48,745.57,745.36,745.41,67102
2026-07-01T14:05:00Z,745.42,745.9,745.33,745.8,72947
2026-07-01T14:06:00Z,745.81,746.06,745.79,746.03,83530
2026-07-01T14:07:00Z,746.03,746.23,745.94,746.17,84064
2026-07-01T14:08:00Z,746.16,746.31,746.13,746.18,90127
2026-07-01T14:09:00Z,746.18,746.2,745.98,746.1,71602
2026-07-01T14:10:00Z,746.09,746.43,746.02,746.37,95770
2026-07-01T14:11:00Z,746.37,746.7,746.34,746.67,129951
2026-07-01T14:12:00Z,746.66,746.8,746.55,746.6,164246
2026-07-01T14:13:00Z,746.6,746.89,746.44,746.79,120008
2026-07-01T14:14:00Z,746.79,746.88,746.55,746.61,71453
2026-07-01T14:15:00Z,746.65,746.8,746.51,746.51,77344
2026-07-01T14:16:00Z,746.51,746.72,746.35,746.55,84942
2026-07-01T14:17:00Z,746.51,746.61,746.37,746.61,74687
2026-07-01T14:18:00Z,746.6,746.65,746.4,746.47,56097
2026-07-01T14:19:00Z,746.47,746.83,746.39,746.75,50175
2026-07-01T14:20:00Z,746.74,746.81,746.63,746.7,53557
2026-07-01T14:21:00Z,746.71,746.99,746.67,746.92,155217
2026-07-01T14:22:00Z,746.93,746.98,746.73,746.77,82787
2026-07-01T14:23:00Z,746.79,746.94,746.76,746.89,87028
2026-07-01T14:24:00Z,746.86,746.92,746.77,746.81,45209
2026-07-01T14:25:00Z,746.81,746.87,746.67,746.77,49612
2026-07-01T14:26:00Z,746.77,747.02,746.77,746.83,58071
2026-07-01T14:27:00Z,746.83,747,746.7,746.96,61294
2026-07-01T14:28:00Z,746.98,747,746.74,746.81,53329
2026-07-01T14:29:00Z,746.82,746.91,746.77,746.82,53258
2026-07-01T14:30:00Z,746.82,746.9,746.27,746.35,107488
2026-07-01T14:31:00Z,746.34,746.48,746.2,746.4,67881
2026-07-01T14:32:00Z,746.41,746.55,746.1,746.29,78757
2026-07-01T14:33:00Z,746.28,746.35,746.09,746.15,54872
2026-07-01T14:34:00Z,746.14,746.43,746.02,746.31,67420
2026-07-01T14:35:00Z,746.29,746.31,746.04,746.12,54400
2026-07-01T14:36:00Z,746.12,746.41,746,746.39,95861
2026-07-01T14:37:00Z,746.4,746.75,746.4,746.74,141689
2026-07-01T14:38:00Z,746.73,746.93,746.47,746.78,101547
2026-07-01T14:39:00Z,746.78,746.92,746.73,746.92,53117
2026-07-01T14:40:00Z,746.89,746.98,746.77,746.91,78227
2026-07-01T14:41:00Z,746.9,746.9,746.47,746.5,60339
2026-07-01T14:42:00Z,746.49,746.65,746.47,746.59,28036
2026-07-01T14:43:00Z,746.56,746.92,746.56,746.84,48590
2026-07-01T14:44:00Z,746.83,747.11,746.63,746.64,51313
2026-07-01T14:45:00Z,746.61,746.64,745.94,745.95,108331
2026-07-01T14:46:00Z,745.98,746.15,745.69,746.12,125962
2026-07-01T14:47:00Z,746.13,746.48,745.99,746.23,63365
2026-07-01T14:48:00Z,746.22,746.27,746.03,746.19,68165
2026-07-01T14:49:00Z,746.19,746.5,746.19,746.46,67592
2026-07-01T14:50:00Z,746.49,746.81,746.41,746.81,117178
2026-07-01T14:51:00Z,746.81,747.07,746.72,746.94,77778
2026-07-01T14:52:00Z,746.93,746.93,746.67,746.69,63343
2026-07-01T14:53:00Z,746.71,746.91,746.67,746.9,37438
2026-07-01T14:54:00Z,746.88,746.9,746.72,746.86,43324
2026-07-01T14:55:00Z,746.88,746.92,746.72,746.78,46973
2026-07-01T14:56:00Z,746.79,746.9,746.66,746.77,46316
2026-07-01T14:57:00Z,746.76,746.85,746.67,746.67,59402
2026-07-01T14:58:00Z,746.68,746.74,746.4,746.43,57964
2026-07-01T14:59:00Z,746.42,746.97,746.38,746.96,56104
2026-07-01T15:00:00Z,746.99,747.18,746.9,746.97,84361
2026-07-01T15:01:00Z,746.96,747.28,746.94,747.28,64214
2026-07-01T15:02:00Z,747.28,747.41,747.18,747.38,61107
2026-07-01T15:03:00Z,747.37,747.58,747.34,747.54,83719
2026-07-01T15:04:00Z,747.55,747.92,747.55,747.78,161069
2026-07-01T15:05:00Z,747.79,748.06,747.67,747.96,168207
2026-07-01T15:06:00Z,747.96,747.97,747.84,747.9,125227
2026-07-01T15:07:00Z,747.92,748.07,747.82,747.82,87845
2026-07-01T15:08:00Z,747.81,747.82,747.52,747.57,94886
2026-07-01T15:09:00Z,747.58,747.67,747.39,747.66,58655
2026-07-01T15:10:00Z,747.67,747.82,747.5,747.81,57402
2026-07-01T15:11:00Z,747.79,747.81,747.47,747.67,44810
2026-07-01T15:12:00Z,747.67,747.97,747.62,747.95,88912
2026-07-01T15:13:00Z,747.94,748.03,747.9,747.97,56346
2026-07-01T15:14:00Z,747.97,748.09,747.85,748.07,52832
2026-07-01T15:15:00Z,748.09,748.28,748.09,748.21,88684
2026-07-01T15:16:00Z,748.2,748.2,748.03,748.09,42539
2026-07-01T15:17:00Z,748.09,748.4,748.09,748.39,86884
2026-07-01T15:18:00Z,748.38,748.4,748.27,748.37,92222
2026-07-01T15:19:00Z,748.37,748.64,748.34,748.48,89555
2026-07-01T15:20:00Z,748.48,748.94,748.48,748.77,114601
2026-07-01T15:21:00Z,748.76,748.93,748.73,748.77,60451
2026-07-01T15:22:00Z,748.79,749.04,748.74,748.98,51778
2026-07-01T15:23:00Z,748.98,749.05,748.92,749.01,118784
2026-07-01T15:24:00Z,749,749.02,748.82,748.89,80234
2026-07-01T15:25:00Z,748.87,748.98,748.81,748.94,96131
2026-07-01T15:26:00Z,748.94,748.99,748.84,748.91,141390
2026-07-01T15:27:00Z,748.9,749.04,748.88,749,126523
2026-07-01T15:28:00Z,749,749.32,748.98,749.21,71793
2026-07-01T15:29:00Z,749.24,749.32,749.15,749.29,96077
2026-07-01T15:30:00Z,749.28,749.37,749.03,749.06,84363
2026-07-01T15:31:00Z,749.06,749.26,748.99,749.21,44464
2026-07-01T15:32:00Z,749.2,749.24,748.95,748.97,64447
2026-07-01T15:33:00Z,748.98,749.02,748.77,748.84,45716
2026-07-01T15:34:00Z,748.84,748.91,748.64,748.66,46601
2026-07-01T15:35:00Z,748.65,748.88,748.57,748.61,47967
2026-07-01T15:36:00Z,748.62,748.62,748.34,748.57,98817
2026-07-01T15:37:00Z,748.56,748.78,748.48,748.51,75214
2026-07-01T15:38:00Z,748.5,748.72,748.48,748.55,53989
2026-07-01T15:39:00Z,748.55,748.73,748.53,748.63,37139
2026-07-01T15:40:00Z,748.66,748.72,748.51,748.61,42770
2026-07-01T15:41:00Z,748.61,748.8,748.5,748.78,39371
2026-07-01T15:42:00Z,748.78,748.91,748.78,748.85,46108
2026-07-01T15:43:00Z,748.85,748.86,748.61,748.67,61645
2026-07-01T15:44:00Z,748.68,748.84,748.67,748.81,29379
2026-07-01T15:45:00Z,748.78,748.91,748.74,748.84,32386
2026-07-01T15:46:00Z,748.81,748.84,748.71,748.76,17029
2026-07-01T15:47:00Z,748.75,748.81,748.66,748.7,34392
2026-07-01T15:48:00Z,748.69,748.88,748.64,748.73,50347
2026-07-01T15:49:00Z,748.71,748.72,748.36,748.46,47171
2026-07-01T15:50:00Z,748.47,748.62,748.43,748.47,29212
2026-07-01T15:51:00Z,748.47,748.55,748.35,748.47,28327
2026-07-01T15:52:00Z,748.48,748.59,748.42,748.53,26235
2026-07-01T15:53:00Z,748.51,748.84,748.5,748.77,46295
2026-07-01T15:54:00Z,748.75,748.76,748.5,748.52,34176
2026-07-01T15:55:00Z,748.52,748.6,748.4,748.41,17331
2026-07-01T15:56:00Z,748.41,748.55,748.36,748.54,25208
2026-07-01T15:57:00Z,748.53,748.68,748.45,748.64,24271
2026-07-01T15:58:00Z,748.63,748.87,748.62,748.73,46219
2026-07-01T15:59:00Z,748.74,748.88,748.71,748.79,21336
2026-07-01T16:00:00Z,748.81,748.86,748.69,748.86,38941
2026-07-01T16:01:00Z,748.85,748.91,748.76,748.81,33986
2026-07-01T16:02:00Z,748.8,749.1,748.74,749.05,49613
2026-07-01T16:03:00Z,749.03,749.14,748.93,748.95,54025
2026-07-01T16:04:00Z,748.97,749.03,748.74,748.81,49500
2026-07-01T16:05:00Z,748.8,748.86,748.67,748.85,31148
2026-07-01T16:06:00Z,748.85,749.04,748.84,748.95,22538
2026-07-01T16:07:00Z,748.96,749.09,748.95,749,11870
2026-07-01T16:08:00Z,748.98,749.09,748.91,749,19639
2026-07-01T16:09:00Z,748.96,749.04,748.88,748.88,19189
2026-07-01T16:10:00Z,748.88,748.93,748.73,748.88,37896
2026-07-01T16:11:00Z,748.89,749.03,748.85,749.01,23603
2026-07-01T16:12:00Z,749.03,749.1,749,749.08,22858
2026-07-01T16:13:00Z,749.07,749.1,748.96,749.06,27997
2026-07-01T16:14:00Z,749.07,749.14,748.98,749.09,37446
2026-07-01T16:15:00Z,749.08,749.17,748.99,748.99,40797
2026-07-01T16:16:00Z,749,749.08,748.89,749.06,30314
2026-07-01T16:17:00Z,749.05,749.12,748.97,749,23951
2026-07-01T16:18:00Z,748.98,749.01,748.86,748.97,32809
2026-07-01T16:19:00Z,748.97,749.12,748.9,749.08,32179
2026-07-01T16:20:00Z,749.08,749.12,749.01,749.04,39580
2026-07-01T16:21:00Z,749.04,749.11,749,749.02,21745
2026-07-01T16:22:00Z,749.02,749.2,748.98,749.16,34706
2026-07-01T16:23:00Z,749.17,749.43,749.15,749.4,57139
2026-07-01T16:24:00Z,749.41,749.44,749.23,749.24,56549
2026-07-01T16:25:00Z,749.25,749.36,749.17,749.17,37451
2026-07-01T16:26:00Z,749.18,749.3,749.18,749.25,27595
2026-07-01T16:27:00Z,749.25,749.26,749.14,749.22,37441
2026-07-01T16:28:00Z,749.22,749.23,749.05,749.07,51940
2026-07-01T16:29:00Z,749.07,749.12,748.97,748.97,24247
2026-07-01T16:30:00Z,748.98,749.21,748.97,749.07,28256
2026-07-01T16:31:00Z,749.08,749.2,749.04,749.15,20852
2026-07-01T16:32:00Z,749.18,749.19,749.01,749.1,25366
2026-07-01T16:33:00Z,749.08,749.13,749.04,749.1,18261
2026-07-01T16:34:00Z,749.09,749.09,748.99,749.04,25399
2026-07-01T16:35:00Z,749.02,749.03,748.83,748.87,23600
2026-07-01T16:36:00Z,748.86,748.88,748.79,748.84,34149
2026-07-01T16:37:00Z,748.83,748.95,748.79,748.89,48675
2026-07-01T16:38:00Z,748.88,748.88,748.75,748.78,77490
2026-07-01T16:39:00Z,748.77,748.82,748.52,748.56,39982
2026-07-01T16:40:00Z,748.54,748.68,748.45,748.5,102176
2026-07-01T16:41:00Z,748.51,748.55,748.29,748.39,48647
2026-07-01T16:42:00Z,748.38,748.43,748.3,748.39,47505
2026-07-01T16:43:00Z,748.43,748.49,748.32,748.44,24618
2026-07-01T16:44:00Z,748.43,748.6,748.4,748.6,42957
2026-07-01T16:45:00Z,748.61,748.61,748.39,748.45,44343
2026-07-01T16:46:00Z,748.45,748.56,748.45,748.52,41776
2026-07-01T16:47:00Z,748.52,748.83,748.51,748.57,59424
2026-07-01T16:48:00Z,748.6,748.63,748.48,748.54,58821
2026-07-01T16:49:00Z,748.54,748.58,748.32,748.32,39475
2026-07-01T16:50:00Z,748.33,748.56,748.3,748.55,32814
2026-07-01T16:51:00Z,748.54,748.55,748.19,748.27,48063
2026-07-01T16:52:00Z,748.25,748.33,747.9,747.92,75710
2026-07-01T16:53:00Z,747.92,748.17,747.89,747.98,81620
2026-07-01T16:54:00Z,747.98,748.16,747.92,748.06,40889
2026-07-01T16:55:00Z,748.08,748.13,747.89,747.91,25282
2026-07-01T16:56:00Z,747.89,748.05,747.81,748.03,31636
2026-07-01T16:57:00Z,748.05,748.08,747.91,747.91,15725
2026-07-01T16:58:00Z,747.93,747.95,747.77,747.79,95023
2026-07-01T16:59:00Z,747.79,747.79,747.32,747.52,118130
2026-07-01T17:00:00Z,747.51,747.93,747.51,747.82,44841
2026-07-01T17:01:00Z,747.81,747.92,747.73,747.9,22677
2026-07-01T17:02:00Z,747.91,747.91,747.57,747.63,49196
2026-07-01T17:03:00Z,747.64,747.71,747.39,747.47,46016
2026-07-01T17:04:00Z,747.47,747.58,747.44,747.52,58789
2026-07-01T17:05:00Z,747.51,747.51,747.2,747.24,119328
2026-07-01T17:06:00Z,747.25,747.32,747.04,747.17,70323
2026-07-01T17:07:00Z,747.18,747.42,747.16,747.33,135144
2026-07-01T17:08:00Z,747.33,747.38,747.24,747.31,28969
2026-07-01T17:09:00Z,747.3,747.57,747.28,747.48,54838
2026-07-01T17:10:00Z,747.5,747.52,747.29,747.38,18624
2026-07-01T17:11:00Z,747.36,747.5,747.27,747.45,20849
2026-07-01T17:12:00Z,747.43,747.76,747.4,747.76,33870
2026-07-01T17:13:00Z,747.75,747.87,747.6,747.71,40504
2026-07-01T17:14:00Z,747.71,747.85,747.7,747.82,38881
2026-07-01T17:15:00Z,747.83,748,747.77,747.8,41129
2026-07-01T17:16:00Z,747.8,747.87,747.72,747.84,43351
2026-07-01T17:17:00Z,747.85,747.96,747.74,747.79,92207
2026-07-01T17:18:00Z,747.76,747.93,747.75,747.91,20363
2026-07-01T17:19:00Z,747.89,748.12,747.86,748.07,96332
2026-07-01T17:20:00Z,748.09,748.25,748.07,748.2,36736
2026-07-01T17:21:00Z,748.18,748.2,748.05,748.08,32675
2026-07-01T17:22:00Z,748.09,748.2,748.05,748.14,33691
2026-07-01T17:23:00Z,748.11,748.2,748.07,748.16,20084
2026-07-01T17:24:00Z,748.15,748.31,748.12,748.21,34028
2026-07-01T17:25:00Z,748.24,748.42,748.23,748.26,42068
2026-07-01T17:26:00Z,748.26,748.33,748.2,748.25,19318
2026-07-01T17:27:00Z,748.25,748.27,748.13,748.13,101147
2026-07-01T17:28:00Z,748.13,748.17,748.03,748.05,52936
2026-07-01T17:29:00Z,748.05,748.05,747.92,747.93,27888
2026-07-01T17:30:00Z,747.94,748.18,747.94,748.14,28428
2026-07-01T17:31:00Z,748.14,748.15,748,748.14,21772
2026-07-01T17:32:00Z,748.13,748.17,747.68,747.81,52777
2026-07-01T17:33:00Z,747.8,747.89,747.7,747.81,44066
2026-07-01T17:34:00Z,747.82,747.89,747.72,747.82,26988
2026-07-01T17:35:00Z,747.84,747.89,747.65,747.8,39061
2026-07-01T17:36:00Z,747.79,747.81,747.73,747.8,24180
2026-07-01T17:37:00Z,747.79,748.02,747.79,747.95,78456
2026-07-01T17:38:00Z,747.95,747.99,747.88,747.97,16358
2026-07-01T17:39:00Z,747.96,748.05,747.87,747.94,30143
2026-07-01T17:40:00Z,747.95,747.98,747.79,747.88,16947
2026-07-01T17:41:00Z,747.86,747.87,747.75,747.84,13436
2026-07-01T17:42:00Z,747.84,747.85,747.66,747.66,13433
2026-07-01T17:43:00Z,747.66,747.71,747.56,747.68,27830
2026-07-01T17:44:00Z,747.69,747.74,747.47,747.49,23012
2026-07-01T17:45:00Z,747.48,747.62,747.37,747.58,36389
2026-07-01T17:46:00Z,747.57,747.64,747.43,747.5,39071
2026-07-01T17:47:00Z,747.5,747.54,747.38,747.39,64941
2026-07-01T17:48:00Z,747.41,747.46,747.29,747.45,34533
2026-07-01T17:49:00Z,747.44,747.49,747.31,747.42,19787
2026-07-01T17:50:00Z,747.42,747.6,747.42,747.58,57976
2026-07-01T17:51:00Z,747.58,747.64,747.42,747.42,29470
2026-07-01T17:52:00Z,747.41,747.46,747.24,747.42,21422
2026-07-01T17:53:00Z,747.44,747.74,747.43,747.71,29231
2026-07-01T17:54:00Z,747.69,747.69,747.48,747.6,23647
2026-07-01T17:55:00Z,747.61,747.62,747.29,747.51,50800
2026-07-01T17:56:00Z,747.51,747.52,747.39,747.47,20578
2026-07-01T17:57:00Z,747.44,747.44,747.26,747.3,32321
2026-07-01T17:58:00Z,747.3,747.38,747.29,747.31,57414
2026-07-01T17:59:00Z,747.31,747.33,747.16,747.2,44581
2026-07-01T18:00:00Z,747.2,747.58,747.14,747.49,101968
2026-07-01T18:01:00Z,747.5,747.59,747.41,747.52,33534
2026-07-01T18:02:00Z,747.51,747.57,747.39,747.5,28430
2026-07-01T18:03:00Z,747.52,747.6,747.45,747.58,58416
2026-07-01T18:04:00Z,747.58,747.69,747.51,747.69,39559
2026-07-01T18:05:00Z,747.68,747.68,747.53,747.57,20063
2026-07-01T18:06:00Z,747.56,747.63,747.29,747.46,68929
2026-07-01T18:07:00Z,747.46,747.58,747.38,747.4,39998
2026-07-01T18:08:00Z,747.4,747.53,747.4,747.49,16594
2026-07-01T18:09:00Z,747.5,747.53,747.41,747.53,23689
2026-07-01T18:10:00Z,747.51,747.55,747.36,747.36,17258
2026-07-01T18:11:00Z,747.38,747.38,747.12,747.13,54153
2026-07-01T18:12:00Z,747.15,747.29,747.14,747.17,27636
2026-07-01T18:13:00Z,747.17,747.26,747.15,747.23,30890
2026-07-01T18:14:00Z,747.23,747.24,747.09,747.1,25348
2026-07-01T18:15:00Z,747.09,747.11,746.77,746.92,101709
2026-07-01T18:16:00Z,746.92,746.92,746.71,746.82,43068
2026-07-01T18:17:00Z,746.82,746.98,746.77,746.9,45321
2026-07-01T18:18:00Z,746.9,746.94,746.82,746.92,38273
2026-07-01T18:19:00Z,746.91,747.26,746.88,747.21,65834
2026-07-01T18:20:00Z,747.22,747.31,747.12,747.17,35272
2026-07-01T18:21:00Z,747.16,747.35,747.13,747.34,21578
2026-07-01T18:22:00Z,747.34,747.39,747.22,747.27,33593
2026-07-01T18:23:00Z,747.25,747.28,747.14,747.19,50938
2026-07-01T18:24:00Z,747.18,747.44,747.16,747.44,38907
2026-07-01T18:25:00Z,747.43,747.54,747.36,747.38,60849
2026-07-01T18:26:00Z,747.36,747.37,747.28,747.33,22692
2026-07-01T18:27:00Z,747.32,747.36,747.23,747.25,24239
2026-07-01T18:28:00Z,747.27,747.28,747.14,747.24,30899
2026-07-01T18:29:00Z,747.24,747.24,747.13,747.14,35913
2026-07-01T18:30:00Z,747.13,747.16,747.02,747.1,50828
2026-07-01T18:31:00Z,747.1,747.24,747,747.23,55977
2026-07-01T18:32:00Z,747.22,747.27,747.12,747.14,35213
2026-07-01T18:33:00Z,747.14,747.21,747.08,747.11,25230
2026-07-01T18:34:00Z,747.09,747.23,747.08,747.22,34037
2026-07-01T18:35:00Z,747.2,747.38,747.19,747.31,17172
2026-07-01T18:36:00Z,747.3,747.32,747.11,747.18,20077
2026-07-01T18:37:00Z,747.19,747.27,747.1,747.11,71816
2026-07-01T18:38:00Z,747.1,747.21,747.09,747.14,33164
2026-07-01T18:39:00Z,747.16,747.29,747.16,747.28,41120
2026-07-01T18:40:00Z,747.27,747.33,747.14,747.15,77515
2026-07-01T18:41:00Z,747.15,747.17,747.05,747.11,22252
2026-07-01T18:42:00Z,747.1,747.21,747.1,747.14,33013
2026-07-01T18:43:00Z,747.15,747.2,747.08,747.19,28530
2026-07-01T18:44:00Z,747.16,747.23,747.08,747.18,42716
2026-07-01T18:45:00Z,747.18,747.2,747.09,747.13,51224
2026-07-01T18:46:00Z,747.13,747.16,746.97,747,76849
2026-07-01T18:47:00Z,746.99,747.01,746.77,746.82,63240
2026-07-01T18:48:00Z,746.82,746.9,746.68,746.88,37783
2026-07-01T18:49:00Z,746.88,746.96,746.83,746.93,106217
2026-07-01T18:50:00Z,746.94,746.97,746.83,746.86,42373
2026-07-01T18:51:00Z,746.87,747,746.84,746.9,62109
2026-07-01T18:52:00Z,746.91,746.94,746.8,746.81,46183
2026-07-01T18:53:00Z,746.8,746.92,746.57,746.65,149323
2026-07-01T18:54:00Z,746.65,746.68,746.45,746.48,89582
2026-07-01T18:55:00Z,746.48,746.65,746.45,746.55,38794
2026-07-01T18:56:00Z,746.55,746.59,746.46,746.57,38015
2026-07-01T18:57:00Z,746.57,746.77,746.55,746.75,67594
2026-07-01T18:58:00Z,746.75,746.84,746.71,746.77,60919
2026-07-01T18:59:00Z,746.77,746.93,746.77,746.85,44964
2026-07-01T19:00:00Z,746.86,747.14,746.78,746.92,85737
2026-07-01T19:01:00Z,746.91,746.95,746.84,746.95,45027
2026-07-01T19:02:00Z,746.94,747.2,746.93,747.15,42973
2026-07-01T19:03:00Z,747.14,747.22,747.08,747.18,75482
2026-07-01T19:04:00Z,747.18,747.33,747.12,747.28,150033
2026-07-01T19:05:00Z,747.26,747.58,747.24,747.54,86291
2026-07-01T19:06:00Z,747.5,747.57,747.39,747.57,67677
2026-07-01T19:07:00Z,747.58,747.58,747.43,747.45,42891
2026-07-01T19:08:00Z,747.48,747.61,747.43,747.54,123686
2026-07-01T19:09:00Z,747.54,747.69,747.54,747.61,54709
2026-07-01T19:10:00Z,747.6,747.62,747.49,747.54,44126
2026-07-01T19:11:00Z,747.52,747.57,747.3,747.32,68167
2026-07-01T19:12:00Z,747.32,747.41,747.22,747.34,86307
2026-07-01T19:13:00Z,747.34,747.37,747.31,747.34,33024
2026-07-01T19:14:00Z,747.34,747.43,747.27,747.35,49658
2026-07-01T19:15:00Z,747.32,747.43,747.32,747.4,31795
2026-07-01T19:16:00Z,747.4,747.59,747.4,747.55,40364
2026-07-01T19:17:00Z,747.56,747.57,747.33,747.42,45657
2026-07-01T19:18:00Z,747.43,747.44,747.27,747.31,38051
2026-07-01T19:19:00Z,747.31,747.43,747.3,747.4,36425
2026-07-01T19:20:00Z,747.41,747.5,747.34,747.41,45523
2026-07-01T19:21:00Z,747.43,747.46,747.33,747.35,27326
2026-07-01T19:22:00Z,747.33,747.4,747.28,747.37,56322
2026-07-01T19:23:00Z,747.36,747.43,747.31,747.38,61161
2026-07-01T19:24:00Z,747.37,747.53,747.37,747.49,33073
2026-07-01T19:25:00Z,747.5,747.5,747.07,747.14,76506
2026-07-01T19:26:00Z,747.16,747.16,746.95,747,99200
2026-07-01T19:27:00Z,747,747.08,746.95,746.99,43271
2026-07-01T19:28:00Z,747,747.1,746.97,747.06,58208
2026-07-01T19:29:00Z,747.08,747.16,746.94,746.94,159235
2026-07-01T19:30:00Z,746.94,747.31,746.93,747.23,74867
2026-07-01T19:31:00Z,747.21,747.26,746.99,747.11,66546
2026-07-01T19:32:00Z,747.11,747.17,747.06,747.16,53204
2026-07-01T19:33:00Z,747.15,747.21,747.05,747.2,97845
2026-07-01T19:34:00Z,747.21,747.22,747.12,747.15,75010
2026-07-01T19:35:00Z,747.14,747.16,746.97,747,96766
2026-07-01T19:36:00Z,746.99,747.01,746.87,746.92,53838
2026-07-01T19:37:00Z,746.92,746.97,746.87,746.91,48004
2026-07-01T19:38:00Z,746.92,746.92,746.79,746.79,123116
2026-07-01T19:39:00Z,746.79,746.89,746.77,746.84,69241
2026-07-01T19:40:00Z,746.83,746.87,746.62,746.68,165355
2026-07-01T19:41:00Z,746.69,746.76,746.52,746.54,167624
2026-07-01T19:42:00Z,746.55,746.58,746.46,746.54,100167
2026-07-01T19:43:00Z,746.54,746.63,746.47,746.63,239801
2026-07-01T19:44:00Z,746.61,746.72,746.5,746.65,104320
2026-07-01T19:45:00Z,746.65,746.68,746.53,746.57,89531
2026-07-01T19:46:00Z,746.57,746.62,746.48,746.52,69770
2026-07-01T19:47:00Z,746.52,746.61,746.5,746.58,139707
2026-07-01T19:48:00Z,746.57,746.58,746.38,746.41,94822
2026-07-01T19:49:00Z,746.42,746.53,746.33,746.52,210772
2026-07-01T19:50:00Z,746.53,746.8,746.46,746.52,173103
2026-07-01T19:51:00Z,746.51,746.51,746.19,746.21,197508
2026-07-01T19:52:00Z,746.21,746.22,745.92,746.06,249904
2026-07-01T19:53:00Z,746.05,746.31,745.96,746.28,186040
2026-07-01T19:54:00Z,746.28,746.35,745.99,746.24,249046
2026-07-01T19:55:00Z,746.23,746.23,745.96,746.14,416271
2026-07-01T19:56:00Z,746.14,746.25,746.03,746.05,318754
2026-07-01T19:57:00Z,746.04,746.05,745.16,745.44,537218
2026-07-01T19:58:00Z,745.45,745.75,745.42,745.67,704409
2026-07-01T19:59:00Z,745.68,746.16,745.58,745.7,1364861
2026-07-02T13:30:00Z,747.4,747.93,747.1,747.86,437955
2026-07-02T13:31:00Z,747.86,748.26,747.53,748.08,155116
2026-07-02T13:32:00Z,748.1,748.69,747.63,748.23,152186
2026-07-02T13:33:00Z,748.24,748.68,748.01,748.62,125607
2026-07-02T13:34:00Z,748.67,748.72,748.16,748.56,299298
2026-07-02T13:35:00Z,748.54,748.89,748.4,748.59,72469
2026-07-02T13:36:00Z,748.62,749.01,748.43,748.98,107580
2026-07-02T13:37:00Z,748.97,749.19,748.86,748.99,92735
2026-07-02T13:38:00Z,749,749,747.99,748.34,146113
2026-07-02T13:39:00Z,748.32,748.9,748.32,748.78,53577
2026-07-02T13:40:00Z,748.81,749.21,748.63,748.9,95172
2026-07-02T13:41:00Z,748.93,749.43,748.8,749.29,122139
2026-07-02T13:42:00Z,749.29,749.7,749.27,749.65,139802
2026-07-02T13:43:00Z,749.64,750.25,749.56,750.1,176633
2026-07-02T13:44:00Z,750.09,750.1,749.69,749.8,108672
2026-07-02T13:45:00Z,749.76,750.08,749.51,749.87,99669
2026-07-02T13:46:00Z,749.89,750.04,749.74,749.78,52084
2026-07-02T13:47:00Z,749.77,750.31,749.64,750.31,83468
2026-07-02T13:48:00Z,750.27,750.6,750.24,750.56,92437
2026-07-02T13:49:00Z,750.58,750.74,750.4,750.41,93082
2026-07-02T13:50:00Z,750.42,750.63,750.18,750.61,94358
2026-07-02T13:51:00Z,750.61,751.04,750.61,750.96,180030
2026-07-02T13:52:00Z,750.93,751.25,750.89,751.19,115490
2026-07-02T13:53:00Z,751.17,751.22,750.59,750.64,130788
2026-07-02T13:54:00Z,750.64,750.72,750.31,750.47,117619
2026-07-02T13:55:00Z,750.49,750.68,750.28,750.49,77436
2026-07-02T13:56:00Z,750.5,750.61,750.03,750.2,125223
2026-07-02T13:57:00Z,750.21,750.6,750.16,750.32,69219
2026-07-02T13:58:00Z,750.33,750.7,750.32,750.61,70221
2026-07-02T13:59:00Z,750.61,750.77,750.52,750.76,48805
2026-07-02T14:00:00Z,750.78,750.88,750.43,750.56,115262
2026-07-02T14:01:00Z,750.59,750.84,750.4,750.76,74632
2026-07-02T14:02:00Z,750.77,751.04,750.67,750.97,60641
2026-07-02T14:03:00Z,750.98,751.09,750.73,750.84,55799
2026-07-02T14:04:00Z,750.78,750.87,750.59,750.78,41157
2026-07-02T14:05:00Z,750.78,750.8,750.49,750.77,46195
2026-07-02T14:06:00Z,750.75,750.94,750.61,750.67,63429
2026-07-02T14:07:00Z,750.66,751.31,750.65,750.92,195634
2026-07-02T14:08:00Z,750.91,750.98,750.41,750.42,99767
2026-07-02T14:09:00Z,750.44,750.57,750.12,750.25,71054
2026-07-02T14:10:00Z,750.26,750.38,749.67,749.94,93911
2026-07-02T14:11:00Z,749.95,750.58,749.94,750.56,65047
2026-07-02T14:12:00Z,750.56,751.01,750.53,751.01,60240
2026-07-02T14:13:00Z,751.02,751.24,750.94,751.19,114129
2026-07-02T14:14:00Z,751.18,751.23,750.91,750.96,80859
2026-07-02T14:15:00Z,750.97,751.03,750.67,750.79,73630
2026-07-02T14:16:00Z,750.8,751.22,750.6,750.66,99666
2026-07-02T14:17:00Z,750.67,750.7,750.37,750.53,60233
2026-07-02T14:18:00Z,750.51,750.81,750.14,750.4,60473
2026-07-02T14:19:00Z,750.41,750.7,750.3,750.67,61778
2026-07-02T14:20:00Z,750.66,750.77,749.96,750.04,86782
2026-07-02T14:21:00Z,750.06,750.19,749.74,749.9,107161
2026-07-02T14:22:00Z,749.89,750.08,749.53,750.02,101094
2026-07-02T14:23:00Z,750.03,750.29,749.52,749.8,95899
2026-07-02T14:24:00Z,749.79,750.21,749.61,749.65,69372
2026-07-02T14:25:00Z,749.66,749.8,749.3,749.62,181849
2026-07-02T14:26:00Z,749.62,749.8,749.4,749.4,118021
2026-07-02T14:27:00Z,749.4,749.46,747.96,748.18,216933
2026-07-02T14:28:00Z,748.18,748.38,747.61,748.03,120064
2026-07-02T14:29:00Z,748.01,748.31,747.71,747.94,157289
2026-07-02T14:30:00Z,747.95,748.66,747.55,748.47,241849
2026-07-02T14:31:00Z,748.42,749.24,748.42,749.07,104101
2026-07-02T14:32:00Z,749.07,749.38,748.63,748.81,89813
2026-07-02T14:33:00Z,748.8,749.25,748.51,748.88,97399
2026-07-02T14:34:00Z,748.89,749.05,748.09,748.27,108662
2026-07-02T14:35:00Z,748.28,748.51,747.8,748.04,98574
2026-07-02T14:36:00Z,748.05,748.76,747.9,748.69,82931
2026-07-02T14:37:00Z,748.71,749.12,748.59,748.86,87995
2026-07-02T14:38:00Z,748.89,749.03,748.42,748.9,54760
2026-07-02T14:39:00Z,748.89,749.14,748.34,748.46,50170
2026-07-02T14:40:00Z,748.45,748.63,748.11,748.27,60861
2026-07-02T14:41:00Z,748.29,748.35,747.36,747.43,106728
2026-07-02T14:42:00Z,747.44,747.49,746.54,747,210629
2026-07-02T14:43:00Z,747.02,747.16,746.35,746.57,101078
2026-07-02T14:44:00Z,746.57,747.01,746.37,746.88,97525
2026-07-02T14:45:00Z,746.89,747.53,746.74,746.87,80069
2026-07-02T14:46:00Z,746.88,747.34,746.68,747.33,64609
2026-07-02T14:47:00Z,747.33,747.68,746.99,747.04,92000
2026-07-02T14:48:00Z,746.96,746.99,746.32,746.41,94761
2026-07-02T14:49:00Z,746.4,747.41,746.37,747.27,100205
2026-07-02T14:50:00Z,747.29,747.4,746.96,747.16,63985
2026-07-02T14:51:00Z,747.16,747.71,747,747.45,50961
2026-07-02T14:52:00Z,747.39,747.52,746.56,746.63,62513
2026-07-02T14:53:00Z,746.64,746.79,746.01,746.49,117601
2026-07-02T14:54:00Z,746.5,746.66,746.28,746.5,114445
2026-07-02T14:55:00Z,746.48,747.08,746.43,746.85,49005
2026-07-02T14:56:00Z,746.87,747.3,746.87,747,52145
2026-07-02T14:57:00Z,746.95,747.08,746.56,746.89,33664
2026-07-02T14:58:00Z,746.87,747.1,746.74,747.05,23212
2026-07-02T14:59:00Z,747.09,747.67,747.06,747.66,65643
2026-07-02T15:00:00Z,747.65,747.73,747.22,747.61,98798
2026-07-02T15:01:00Z,747.59,747.83,747.34,747.47,85386
2026-07-02T15:02:00Z,747.45,747.66,747.21,747.29,91955
2026-07-02T15:03:00Z,747.34,747.55,746.69,746.75,82056
2026-07-02T15:04:00Z,746.73,746.85,746.04,746.07,117002
2026-07-02T15:05:00Z,746.09,746.37,745.76,745.81,77148
2026-07-02T15:06:00Z,745.82,745.82,745.14,745.23,211293
2026-07-02T15:07:00Z,745.25,745.34,744.2,744.39,215126
2026-07-02T15:08:00Z,744.39,745.27,744.34,744.97,167148
2026-07-02T15:09:00Z,745,745.49,744.83,745.38,138564
2026-07-02T15:10:00Z,745.37,745.42,745.01,745.31,70996
2026-07-02T15:11:00Z,745.32,746.53,745.29,746.35,103965
2026-07-02T15:12:00Z,746.35,746.41,746.08,746.25,50602
2026-07-02T15:13:00Z,746.24,746.53,746.17,746.31,55259
2026-07-02T15:14:00Z,746.31,746.4,746.02,746.06,61414
2026-07-02T15:15:00Z,746.06,746.34,745.56,745.6,149574
2026-07-02T15:16:00Z,745.61,745.64,744.92,745.03,65492
2026-07-02T15:17:00Z,745.06,745.28,744.63,744.78,60062
2026-07-02T15:18:00Z,744.79,745.44,744.64,744.99,109696
2026-07-02T15:19:00Z,744.98,745,744.44,744.63,76736
2026-07-02T15:20:00Z,744.69,745.06,744.33,744.96,82033
2026-07-02T15:21:00Z,744.94,745.24,744.79,744.95,54739
2026-07-02T15:22:00Z,745.02,745.31,744.91,745.04,64344
2026-07-02T15:23:00Z,745.02,745.35,744.73,745.2,83834
2026-07-02T15:24:00Z,745.21,745.94,745.2,745.88,95263
2026-07-02T15:25:00Z,745.91,745.97,745.15,745.38,95082
2026-07-02T15:26:00Z,745.39,746.02,745.39,745.68,71709
2026-07-02T15:27:00Z,745.68,746.01,745.53,745.58,59661
2026-07-02T15:28:00Z,745.56,745.7,745.4,745.56,27503
2026-07-02T15:29:00Z,745.6,745.72,744.89,744.91,103215
2026-07-02T15:30:00Z,744.88,745.66,744.87,745.45,89102
2026-07-02T15:31:00Z,745.44,745.98,745.35,745.94,35607
2026-07-02T15:32:00Z,745.98,746.14,745.7,746.03,58816
2026-07-02T15:33:00Z,746.04,746.18,745.87,746.08,49698
2026-07-02T15:34:00Z,746.08,746.27,745.97,746.08,100310
2026-07-02T15:35:00Z,746.1,746.5,745.96,746.39,100196
2026-07-02T15:36:00Z,746.39,746.71,746.32,746.58,103730
2026-07-02T15:37:00Z,746.55,746.64,746.35,746.54,69088
2026-07-02T15:38:00Z,746.51,746.66,746.38,746.5,76915
2026-07-02T15:39:00Z,746.52,746.53,746.17,746.24,87201
2026-07-02T15:40:00Z,746.23,746.55,746.03,746.4,57725
2026-07-02T15:41:00Z,746.38,746.43,746.04,746.11,47492
2026-07-02T15:42:00Z,746.03,746.03,745.76,745.87,101020
2026-07-02T15:43:00Z,745.87,745.99,745.51,745.59,56251
2026-07-02T15:44:00Z,745.59,745.7,745.28,745.29,44673
2026-07-02T15:45:00Z,745.29,745.72,745.26,745.62,24249
2026-07-02T15:46:00Z,745.6,745.64,745.17,745.35,24296
2026-07-02T15:47:00Z,745.4,745.49,745.1,745.28,23527
2026-07-02T15:48:00Z,745.29,745.53,745.15,745.26,21258
2026-07-02T15:49:00Z,745.3,745.34,744.74,744.86,39185
2026-07-02T15:50:00Z,744.88,744.88,744.43,744.56,31202
2026-07-02T15:51:00Z,744.56,744.78,744.33,744.65,80192
2026-07-02T15:52:00Z,744.65,744.82,744.27,744.29,44236
2026-07-02T15:53:00Z,744.33,744.37,744.05,744.26,69545
2026-07-02T15:54:00Z,744.28,744.68,744.23,744.62,45941
2026-07-02T15:55:00Z,744.6,744.71,744.21,744.22,47521
2026-07-02T15:56:00Z,744.22,744.32,744.07,744.27,73222
2026-07-02T15:57:00Z,744.26,744.42,744.13,744.36,52701
2026-07-02T15:58:00Z,744.37,744.8,744.28,744.74,60924
2026-07-02T15:59:00Z,744.74,744.94,744.55,744.65,52149
2026-07-02T16:00:00Z,744.65,744.87,744.32,744.39,51009
2026-07-02T16:01:00Z,744.41,744.49,744.11,744.18,44374
2026-07-02T16:02:00Z,744.18,744.2,743.79,743.89,68059
2026-07-02T16:03:00Z,743.86,744.29,743.67,744.14,46091
2026-07-02T16:04:00Z,744.14,744.44,743.95,744.32,71953
2026-07-02T16:05:00Z,744.31,744.6,744.2,744.21,36655
2026-07-02T16:06:00Z,744.22,744.26,743.87,744.12,42594
2026-07-02T16:07:00Z,744.1,744.27,743.85,744.05,26315
2026-07-02T16:08:00Z,744.02,744.15,743.84,744.15,33478
2026-07-02T16:09:00Z,744.14,744.19,743.8,743.91,21331
2026-07-02T16:10:00Z,743.95,744.44,743.81,744.44,34415
2026-07-02T16:11:00Z,744.43,744.63,744.25,744.28,57492
2026-07-02T16:12:00Z,744.26,744.65,744.01,744.62,28886
2026-07-02T16:13:00Z,744.66,744.67,744.36,744.41,44038
2026-07-02T16:14:00Z,744.39,744.6,744.32,744.5,17111
2026-07-02T16:15:00Z,744.5,744.52,744.07,744.34,52469
2026-07-02T16:16:00Z,744.31,744.62,744.31,744.48,27816
2026-07-02T16:17:00Z,744.47,744.51,744.01,744.07,39674
2026-07-02T16:18:00Z,744.05,744.22,743.97,744.17,40018
2026-07-02T16:19:00Z,744.18,744.44,744,744.05,30051
2026-07-02T16:20:00Z,744.05,744.08,743.56,743.8,54834
2026-07-02T16:21:00Z,743.77,743.87,743.64,743.72,56599
2026-07-02T16:22:00Z,743.7,743.87,743.54,743.73,33773
2026-07-02T16:23:00Z,743.75,743.77,743.49,743.5,67965
2026-07-02T16:24:00Z,743.52,743.53,743.37,743.45,79620
2026-07-02T16:25:00Z,743.44,744.02,743.42,743.74,76404
2026-07-02T16:26:00Z,743.73,743.79,743.43,743.61,45031
2026-07-02T16:27:00Z,743.62,743.7,743.49,743.59,28036
2026-07-02T16:28:00Z,743.6,743.78,743.55,743.72,31121
2026-07-02T16:29:00Z,743.72,743.88,743.47,743.54,51540
2026-07-02T16:30:00Z,743.56,743.57,743.06,743.2,121256
2026-07-02T16:31:00Z,743.19,743.32,743.09,743.13,82402
2026-07-02T16:32:00Z,743.11,743.17,742.94,743.02,96201
2026-07-02T16:33:00Z,743.03,743.29,743.02,743.18,48601
2026-07-02T16:34:00Z,743.18,743.2,742.83,742.83,85631
2026-07-02T16:35:00Z,742.82,743.03,742.65,743.03,75376
2026-07-02T16:36:00Z,743.07,743.11,742.67,742.82,54918
2026-07-02T16:37:00Z,742.83,742.91,742.23,742.29,121580
2026-07-02T16:38:00Z,742.31,742.49,742.11,742.45,80215
2026-07-02T16:39:00Z,742.44,742.68,742.35,742.67,96130
2026-07-02T16:40:00Z,742.68,743.18,742.6,743.09,68241
2026-07-02T16:41:00Z,743.11,743.31,742.9,742.99,74517
2026-07-02T16:42:00Z,742.99,743.18,742.84,743,27554
2026-07-02T16:43:00Z,743,743.25,742.91,743.07,36010
2026-07-02T16:44:00Z,743.09,743.36,743.07,743.25,31026
2026-07-02T16:45:00Z,743.23,743.26,742.79,742.95,37222
2026-07-02T16:46:00Z,742.93,743.06,742.86,742.91,35238
2026-07-02T16:47:00Z,742.91,743.18,742.77,743.1,32816
2026-07-02T16:48:00Z,743.1,743.23,742.82,743.08,59519
2026-07-02T16:49:00Z,743.08,743.27,742.93,742.99,43259
2026-07-02T16:50:00Z,742.99,742.99,742.57,742.74,106057
2026-07-02T16:51:00Z,742.73,743.18,742.71,743.04,36955
2026-07-02T16:52:00Z,743.03,743.3,742.98,743.23,52210
2026-07-02T16:53:00Z,743.24,743.36,742.75,742.83,28793
2026-07-02T16:54:00Z,742.84,743.12,742.83,742.9,27453
2026-07-02T16:55:00Z,742.91,742.92,742.39,742.46,51871
2026-07-02T16:56:00Z,742.46,742.46,741.95,742.01,81517
2026-07-02T16:57:00Z,742.01,742.21,741.92,741.93,54335
2026-07-02T16:58:00Z,741.94,742.13,741.81,742.13,50388
2026-07-02T16:59:00Z,742.1,742.25,742.04,742.18,58975
2026-07-02T17:00:00Z,742.2,742.28,741.93,741.94,72269
2026-07-02T17:01:00Z,741.94,741.97,741.44,741.62,62818
2026-07-02T17:02:00Z,741.63,741.9,741.48,741.53,68191
2026-07-02T17:03:00Z,741.52,741.53,740.93,741.05,90100
2026-07-02T17:04:00Z,741.04,741.07,740.52,740.86,130395
2026-07-02T17:05:00Z,740.85,740.99,740.37,740.98,168564
2026-07-02T17:06:00Z,741,741.71,740.87,741.68,84461
2026-07-02T17:07:00Z,741.7,741.95,741.61,741.69,62885
2026-07-02T17:08:00Z,741.68,741.72,741.41,741.66,67302
2026-07-02T17:09:00Z,741.66,741.8,741.41,741.52,75653
2026-07-02T17:10:00Z,741.51,741.71,741.22,741.43,74535
2026-07-02T17:11:00Z,741.45,741.58,741.3,741.52,32639
2026-07-02T17:12:00Z,741.54,741.59,741.35,741.41,58840
2026-07-02T17:13:00Z,741.42,741.6,741.32,741.6,61753
2026-07-02T17:14:00Z,741.6,741.94,741.5,741.75,68182
2026-07-02T17:15:00Z,741.75,741.79,741.54,741.74,50089
2026-07-02T17:16:00Z,741.69,742.05,741.69,742.01,68265
2026-07-02T17:17:00Z,742.02,742.17,741.68,741.75,72708
2026-07-02T17:18:00Z,741.75,742.02,741.59,741.71,57437
2026-07-02T17:19:00Z,741.71,741.74,741.38,741.46,69863
2026-07-02T17:20:00Z,741.47,741.58,741.28,741.38,55962
2026-07-02T17:21:00Z,741.41,741.79,741.38,741.63,55162
2026-07-02T17:22:00Z,741.63,741.9,741.55,741.56,76056
2026-07-02T17:23:00Z,741.56,741.64,741.4,741.48,62930
2026-07-02T17:24:00Z,741.47,741.59,741.29,741.37,34730
2026-07-02T17:25:00Z,741.37,741.44,741.27,741.36,43269
2026-07-02T17:26:00Z,741.36,741.57,741.14,741.2,50565
2026-07-02T17:27:00Z,741.21,741.48,741.21,741.42,36235
2026-07-02T17:28:00Z,741.42,741.52,741.29,741.51,28161
2026-07-02T17:29:00Z,741.52,741.65,741.39,741.53,32161
2026-07-02T17:30:00Z,741.54,741.79,741.49,741.62,51372
2026-07-02T17:31:00Z,741.63,741.84,741.63,741.76,29501
2026-07-02T17:32:00Z,741.79,741.89,741.68,741.85,27611
2026-07-02T17:33:00Z,741.85,742.1,741.79,741.84,46845
2026-07-02T17:34:00Z,741.86,741.99,741.43,741.43,56057
2026-07-02T17:35:00Z,741.43,741.57,741.21,741.36,54886
2026-07-02T17:36:00Z,741.35,741.4,740.98,741.06,48508
2026-07-02T17:37:00Z,741.06,741.09,740.82,741.01,62345
2026-07-02T17:38:00Z,741.01,741.2,740.79,740.88,110474
2026-07-02T17:39:00Z,740.89,740.97,740.65,740.75,55495
2026-07-02T17:40:00Z,740.75,740.87,740.43,740.82,52435
2026-07-02T17:41:00Z,740.82,741.16,740.81,741.07,60327
2026-07-02T17:42:00Z,741.07,741.21,740.98,741.08,47010
2026-07-02T17:43:00Z,741.08,741.17,740.86,741.11,38508
2026-07-02T17:44:00Z,741.11,741.2,740.83,741.12,33395
2026-07-02T17:45:00Z,741.08,741.15,740.81,740.9,48508
2026-07-02T17:46:00Z,740.92,740.94,740.63,740.69,42727
2026-07-02T17:47:00Z,740.69,740.78,740.36,740.37,99427
2026-07-02T17:48:00Z,740.37,740.66,740.23,740.61,79807
2026-07-02T17:49:00Z,740.58,740.71,740.5,740.64,32109
2026-07-02T17:50:00Z,740.63,740.69,740.35,740.57,41635
2026-07-02T17:51:00Z,740.56,740.73,740.43,740.62,39955
2026-07-02T17:52:00Z,740.64,740.77,740.45,740.71,35500
2026-07-02T17:53:00Z,740.7,740.86,740.67,740.72,27777
2026-07-02T17:54:00Z,740.73,741.11,740.73,740.94,76272
2026-07-02T17:55:00Z,740.94,741.02,740.74,740.76,32808
2026-07-02T17:56:00Z,740.77,740.8,740.45,740.59,50510
2026-07-02T17:57:00Z,740.59,740.66,740.5,740.57,49310
2026-07-02T17:58:00Z,740.56,740.56,740.08,740.09,94164
2026-07-02T17:59:00Z,740.09,740.26,740.03,740.24,78465
2026-07-02T18:00:00Z,740.26,740.51,740.05,740.48,116930
2026-07-02T18:01:00Z,740.47,740.68,740.34,740.51,121603
2026-07-02T18:02:00Z,740.52,740.72,740.46,740.56,53721
2026-07-02T18:03:00Z,740.55,740.66,740.44,740.66,54833
2026-07-02T18:04:00Z,740.65,740.99,740.64,740.94,67195
2026-07-02T18:05:00Z,740.94,741.55,740.9,741.47,81811
2026-07-02T18:06:00Z,741.47,742.24,741.47,741.91,134708
2026-07-02T18:07:00Z,741.9,742.15,741.71,741.95,57647
2026-07-02T18:08:00Z,741.95,742.21,741.87,742.18,138755
2026-07-02T18:09:00Z,742.18,742.47,742.11,742.44,75914
2026-07-02T18:10:00Z,742.44,742.9,742.32,742.53,83193
2026-07-02T18:11:00Z,742.55,742.67,742.36,742.49,26811
2026-07-02T18:12:00Z,742.47,742.63,742.33,742.62,51264
2026-07-02T18:13:00Z,742.59,742.63,742.36,742.39,43824
2026-07-02T18:14:00Z,742.39,742.49,742.13,742.22,43568
2026-07-02T18:15:00Z,742.25,742.38,742.04,742.22,44729
2026-07-02T18:16:00Z,742.21,742.3,742.04,742.18,34078
2026-07-02T18:17:00Z,742.16,742.16,741.56,741.59,36530
2026-07-02T18:18:00Z,741.61,741.83,741.4,741.59,99876
2026-07-02T18:19:00Z,741.58,741.75,741.5,741.69,39742
2026-07-02T18:20:00Z,741.67,742.1,741.66,742.05,49944
2026-07-02T18:21:00Z,742.03,742.15,741.94,742.09,37888
2026-07-02T18:22:00Z,742.11,742.29,742.01,742.1,27561
2026-07-02T18:23:00Z,742.12,742.12,741.95,742.08,28434
2026-07-02T18:24:00Z,742.06,742.19,742.01,742.16,41693
2026-07-02T18:25:00Z,742.16,742.49,742.1,742.12,36539
2026-07-02T18:26:00Z,742.09,742.42,741.96,742.38,28318
2026-07-02T18:27:00Z,742.37,742.5,742.28,742.45,39742
2026-07-02T18:28:00Z,742.44,742.68,742.41,742.6,55569
2026-07-02T18:29:00Z,742.6,742.73,742.46,742.72,33097
2026-07-02T18:30:00Z,742.71,743.08,742.66,742.96,81818
2026-07-02T18:31:00Z,742.96,743.26,742.94,743.25,107482
2026-07-02T18:32:00Z,743.26,743.27,743,743.22,33160
2026-07-02T18:33:00Z,743.22,743.34,743.18,743.25,78887
2026-07-02T18:34:00Z,743.24,743.24,742.81,742.93,42934
2026-07-02T18:35:00Z,742.96,743.23,742.89,742.99,73623
2026-07-02T18:36:00Z,742.97,743.09,742.85,742.95,36352
2026-07-02T18:37:00Z,742.96,743.15,742.9,743.12,39200
2026-07-02T18:38:00Z,743.1,743.28,743.03,743.03,42517
2026-07-02T18:39:00Z,743.03,743.23,742.91,743.16,28474
2026-07-02T18:40:00Z,743.17,743.23,742.98,743.13,32857
2026-07-02T18:41:00Z,743.11,743.17,742.97,743.04,34157
2026-07-02T18:42:00Z,743.03,743.21,743.03,743.16,32088
2026-07-02T18:43:00Z,743.16,743.3,743.08,743.24,81923
2026-07-02T18:44:00Z,743.26,743.33,743,743.04,28894
2026-07-02T18:45:00Z,743.06,743.07,742.53,742.63,55469
2026-07-02T18:46:00Z,742.63,742.73,742.55,742.62,46290
2026-07-02T18:47:00Z,742.62,742.96,742.62,742.91,22673
2026-07-02T18:48:00Z,742.9,743.19,742.82,743.16,19736
2026-07-02T18:49:00Z,743.15,743.29,743.14,743.24,36026
2026-07-02T18:50:00Z,743.22,743.25,743.03,743.18,38677
2026-07-02T18:51:00Z,743.19,743.35,743.13,743.23,33712
2026-07-02T18:52:00Z,743.24,743.51,743.22,743.33,48866
2026-07-02T18:53:00Z,743.36,743.36,743.06,743.13,43782
2026-07-02T18:54:00Z,743.13,743.13,742.86,742.86,53663
2026-07-02T18:55:00Z,742.87,743,742.71,742.95,36005
2026-07-02T18:56:00Z,742.95,743.06,742.58,742.68,49999
2026-07-02T18:57:00Z,742.67,743.01,742.61,742.91,37607
2026-07-02T18:58:00Z,742.9,743.1,742.79,742.89,24748
2026-07-02T18:59:00Z,742.89,743.01,742.73,742.99,27799
2026-07-02T19:00:00Z,742.99,743.14,742.51,742.52,56856
2026-07-02T19:01:00Z,742.53,742.72,742.37,742.54,44924
2026-07-02T19:02:00Z,742.55,742.65,742.51,742.59,18622
2026-07-02T19:03:00Z,742.59,742.7,742.39,742.43,37155
2026-07-02T19:04:00Z,742.44,742.48,741.56,741.65,94800
2026-07-02T19:05:00Z,741.64,741.89,741.39,741.47,49058
2026-07-02T19:06:00Z,741.47,742.02,741.27,741.89,129283
2026-07-02T19:07:00Z,741.86,742.05,741.6,741.92,71774
2026-07-02T19:08:00Z,741.92,742.06,741.82,741.92,100161
2026-07-02T19:09:00Z,741.91,742.1,741.84,741.86,60434
2026-07-02T19:10:00Z,741.88,741.97,741.53,741.89,40606
2026-07-02T19:11:00Z,741.9,742.01,741.8,741.91,32034
2026-07-02T19:12:00Z,741.91,742.15,741.77,742.01,51499
2026-07-02T19:13:00Z,742.01,742.23,741.99,742.08,49723
2026-07-02T19:14:00Z,742.05,742.22,742.01,742.04,58309
2026-07-02T19:15:00Z,742.05,742.15,741.82,741.88,57332
2026-07-02T19:16:00Z,741.88,741.89,741.63,741.72,46613
2026-07-02T19:17:00Z,741.72,741.83,741.67,741.72,50547
2026-07-02T19:18:00Z,741.72,741.77,741.52,741.69,34361
2026-07-02T19:19:00Z,741.7,742.05,741.67,741.8,50473
2026-07-02T19:20:00Z,741.82,741.89,741.63,741.66,44665
2026-07-02T19:21:00Z,741.66,741.74,741.55,741.64,57542
2026-07-02T19:22:00Z,741.63,741.74,741.52,741.59,88977
2026-07-02T19:23:00Z,741.59,741.75,741.56,741.64,45522
2026-07-02T19:24:00Z,741.65,741.69,741.55,741.6,33776
2026-07-02T19:25:00Z,741.59,741.65,741.46,741.56,41539
2026-07-02T19:26:00Z,741.55,741.76,741.46,741.76,79300
2026-07-02T19:27:00Z,741.74,741.96,741.72,741.94,87930
2026-07-02T19:28:00Z,741.94,742.49,741.91,742.4,148783
2026-07-02T19:29:00Z,742.41,742.64,742.29,742.31,195090
2026-07-02T19:30:00Z,742.33,742.56,742.17,742.51,74428
2026-07-02T19:31:00Z,742.54,742.67,742.34,742.43,70776
2026-07-02T19:32:00Z,742.44,742.72,742.41,742.57,78127
2026-07-02T19:33:00Z,742.56,742.83,742.55,742.74,85688
2026-07-02T19:34:00Z,742.75,742.89,742.73,742.84,97614
2026-07-02T19:35:00Z,742.85,743.14,742.79,743.06,68160
2026-07-02T19:36:00Z,743.05,743.09,742.74,742.78,82344
2026-07-02T19:37:00Z,742.76,743.03,742.58,743.03,80660
2026-07-02T19:38:00Z,743.01,743.15,742.98,743.04,71410
2026-07-02T19:39:00Z,743.05,743.14,742.95,743.11,90345
2026-07-02T19:40:00Z,743.11,743.15,742.87,743.08,68952
2026-07-02T19:41:00Z,743.07,743.09,742.89,743.01,73369
2026-07-02T19:42:00Z,742.99,743.09,742.77,743.09,132253
2026-07-02T19:43:00Z,743.09,743.32,742.99,743.19,76539
2026-07-02T19:44:00Z,743.21,743.38,743.18,743.25,79789
2026-07-02T19:45:00Z,743.26,743.37,743.12,743.27,107105
2026-07-02T19:46:00Z,743.26,743.28,743.03,743.24,121383
2026-07-02T19:47:00Z,743.23,743.38,743.05,743.12,84513
2026-07-02T19:48:00Z,743.11,743.22,743.05,743.09,111188
2026-07-02T19:49:00Z,743.08,743.29,742.99,743.27,151302
2026-07-02T19:50:00Z,743.28,744.08,743.27,743.9,405108
2026-07-02T19:51:00Z,743.9,744.07,743.72,744.05,312517
2026-07-02T19:52:00Z,744.05,744.15,743.94,744.1,401646
2026-07-02T19:53:00Z,744.1,744.27,743.95,744.12,445558
2026-07-02T19:54:00Z,744.12,744.51,744.06,744.5,516906
2026-07-02T19:55:00Z,744.48,744.75,744.28,744.65,669894
2026-07-02T19:56:00Z,744.65,744.84,744.57,744.76,425896
2026-07-02T19:57:00Z,744.77,745.19,744.75,745.09,514676
2026-07-02T19:58:00Z,745.08,745.47,744.86,745.3,808259
2026-07-02T19:59:00Z,745.29,745.58,744.78,744.83,2107160
